{
  "core-js": {
    "bundle": "polyfills",
    "version": "2.5.1"
  },
  "zone.js": {
    "bundle": "polyfills",
    "version": "0.7.7"
  },
  "@angular/platform-browser": {
    "bundle": "vendor",
    "version": "2.4.8"
  },
  "@angular/platform-browser-dynamic": {
    "bundle": "vendor",
    "version": "2.4.8"
  },
  "@angular/core": {
    "bundle": "vendor",
    "version": "2.4.8"
  },
  "@angular/common": {
    "bundle": "vendor",
    "version": "2.4.8"
  },
  "@angular/forms": {
    "bundle": "vendor",
    "version": "2.4.8"
  },
  "@angular/http": {
    "bundle": "vendor",
    "version": "2.4.8"
  },
  "@angular/router": {
    "bundle": "vendor",
    "version": "3.4.8"
  },
  "@angularclass/hmr": {
    "bundle": "vendor",
    "version": "1.2.2"
  },
  "rxjs": {
    "bundle": "vendor",
    "version": "5.2.0"
  }
}